{"cameraMode":{"drawMode":0,"name":"Shaded","section":"Shading Mode"},"sceneLighting":false,"audioPlay":false,"sceneViewState":{"m_AlwaysRefresh":false,"showFog":true,"showSkybox":false,"showFlares":true,"showImageEffects":true,"showParticleSystems":true,"showVisualEffectGraphs":true,"m_FxEnabled":true},"in2DMode":false,"pivot":{"x":-0.09600000083446503,"y":0.18700000643730164,"z":0.15199999511241914},"rotation":{"x":0.19180254638195039,"y":0.13932670652866364,"z":-0.027518386021256448,"w":0.9711039066314697},"size":0.1210412085056305,"orthographic":false}